SampleName,Pathogen,Cohort,CFU_90min,Sex,MOD,PROM,filename
A_01_US,Unstimulated,Adult,,F,,,HS_12_I_US_L03N20ReadsPerGene.out.tab
A_01_SE,S_epidermidis,Adult,78300,F,,,HS_12_I_SE_L03N20ReadsPerGene.out.tab
A_01_SA,S_aureus,Adult,1830000,F,,,HS_12_I_SA_L03N20ReadsPerGene.out.tab
A_02_US,Unstimulated,Adult,,F,,,HS_12_K_US_2_L03N20ReadsPerGene.out.tab
A_02_SE,S_epidermidis,Adult,61700,F,,,HS_12_K_SE_L03N20ReadsPerGene.out.tab
A_02_SA,S_aureus,Adult,1250000,F,,,HS_12_K_SA_L03N20ReadsPerGene.out.tab
A_03_US,Unstimulated,Adult,,F,,,HS_12_M_US_1_L03N20ReadsPerGene.out.tab
A_03_SE,S_epidermidis,Adult,268000,F,,,HS_12_M_SE_L03N20ReadsPerGene.out.tab
A_03_SA,S_aureus,Adult,5000000,F,,,HS_12_M_SA_L03N20ReadsPerGene.out.tab
A_04_US,Unstimulated,Adult,,M,,,HS_12_N_US_1_L03N20ReadsPerGene.out.tab
A_04_SE,S_epidermidis,Adult,1650000,M,,,HS_12_N_SE_L03N20ReadsPerGene.out.tab
A_04_SA,S_aureus,Adult,1430000,M,,,HS_12_N_SA_L03N20ReadsPerGene.out.tab
A_05_US,Unstimulated,Adult,,F,,,HS_12_O_US_2_L03N20ReadsPerGene.out.tab
A_05_SE,S_epidermidis,Adult,517000,F,,,HS_12_O_SE_L03N20ReadsPerGene.out.tab
A_05_SA,S_aureus,Adult,20800000,F,,,HS_12_O_SA_L03N20ReadsPerGene.out.tab
A_06_US,Unstimulated,Adult,,F,,,HS_12_P_US_2_L03N20ReadsPerGene.out.tab
A_06_SE,S_epidermidis,Adult,50000,F,,,HS_12_P_SE_L03N20ReadsPerGene.out.tab
A_06_SA,S_aureus,Adult,900000,F,,,HS_12_P_SA_L02N20ReadsPerGene.out.tab
A_07_US,Unstimulated,Adult,,M,,,HS_A09_US_L03N20ReadsPerGene.out.tab
A_07_SE,S_epidermidis,Adult,1880000,M,,,HS_A09_SE_L03N20ReadsPerGene.out.tab
A_07_SA,S_aureus,Adult,26500000,M,,,HS_A09_SA_L03N20ReadsPerGene.out.tab
A_08_US,Unstimulated,Adult,,M,,,HS_A10_US_L03_N20ReadsPerGene.out.tab
A_08_SE,S_epidermidis,Adult,1730000,M,,,HS_A10_SE_L03N20ReadsPerGene.out.tab
A_08_SA,S_aureus,Adult,68300000,M,,,HS_A10_SA_L03N20ReadsPerGene.out.tab
P_01_US,Unstimulated,Preterm,,F,C,N,HS_14_P03_US_L03N20ReadsPerGene.out.tab
P_01_SE,S_epidermidis,Preterm,253000,F,C,N,HS_14_P03_SE_L03N20ReadsPerGene.out.tab
P_01_SA,S_aureus,Preterm,29000000,F,C,N,HS_14_P03_SA_L03N20ReadsPerGene.out.tab
P_02_US,Unstimulated,Preterm,,M,C,N,HS_14_P04_US_L03N20ReadsPerGene.out.tab
P_02_SE,S_epidermidis,Preterm,393000,M,C,N,HS_14_P04_SE_L03N20ReadsPerGene.out.tab
P_02_SA,S_aureus,Preterm,3520000,M,C,N,HS_14_P04_SA_L03N20ReadsPerGene.out.tab
P_03_US,Unstimulated,Preterm,,M,C,N,HS_14_P05_US_L03N20ReadsPerGene.out.tab
P_03_SE,S_epidermidis,Preterm,348000,M,C,N,HS_14_P05_SE_L03N20ReadsPerGene.out.tab
P_03_SA,S_aureus,Preterm,4500000,M,C,N,HS_14_P05_SA_L03N20ReadsPerGene.out.tab
P_04_US,Unstimulated,Preterm,,M,V,N,HS_14_P06_US_L03N20ReadsPerGene.out.tab
P_04_SE,S_epidermidis,Preterm,312000,M,V,N,HS_14_P06_SE_L03N20ReadsPerGene.out.tab
P_04_SA,S_aureus,Preterm,12000000,M,V,N,HS_14_P06_SA_L03N20ReadsPerGene.out.tab
P_05_US,Unstimulated,Preterm,,F,V,Y,HS_14_P07_US_L03N20ReadsPerGene.out.tab
P_05_SE,S_epidermidis,Preterm,120000,F,V,Y,HS_14_P07_SE_L03N20ReadsPerGene.out.tab
P_05_SA,S_aureus,Preterm,4800000,F,V,Y,HS_14_P07_SA_L03N20ReadsPerGene.out.tab
P_06_US,Unstimulated,Preterm,,M,V,Y,HS_14_P08_US_L03N20ReadsPerGene.out.tab
P_06_SE,S_epidermidis,Preterm,202000,M,V,Y,HS_14_P08_SE_L03N20ReadsPerGene.out.tab
P_06_SA,S_aureus,Preterm,4440000,M,V,Y,HS_14_P08_SA_L03N20ReadsPerGene.out.tab
P_07_US,Unstimulated,Preterm,,F,C,N,HS_14_P09_US_L03N20ReadsPerGene.out.tab
P_07_SE,S_epidermidis,Preterm,883000,F,C,N,HS_14_P09_SE_L03N20ReadsPerGene.out.tab
P_07_SA,S_aureus,Preterm,15000000,F,C,N,HS_14_P09_SA_L03N20ReadsPerGene.out.tab
P_08_US,Unstimulated,Preterm,,F,C,N,HS_14_P10_US_L03N20ReadsPerGene.out.tab
P_08_SE,S_epidermidis,Preterm,4150000,F,C,N,HS_14_P10_SE_L03N20ReadsPerGene.out.tab
P_08_SA,S_aureus,Preterm,138000000,F,C,N,HS_14_P10_SA_L03N20ReadsPerGene.out.tab
T_01_US,Unstimulated,Term,,M,V,,HS_14_T02_US_L03N20ReadsPerGene.out.tab
T_01_SE,S_epidermidis,Term,197000,M,V,,HS_14_T02_SE_L03N20ReadsPerGene.out.tab
T_01_SA,S_aureus,Term,3600000,M,V,,HS_14_T02_SA_L03N20ReadsPerGene.out.tab
T_02_US,Unstimulated,Term,,F,V,,HS_14_T03_US_L03N20ReadsPerGene.out.tab
T_02_SE,S_epidermidis,Term,245000,F,V,,HS_14_T03_SE_L03N20ReadsPerGene.out.tab
T_02_SA,S_aureus,Term,3600000,F,V,,HS_14_T03_SA_L03N20ReadsPerGene.out.tab
T_03_US,Unstimulated,Term,,F,C,,HS_14_T05_US_L03N20ReadsPerGene.out.tab
T_03_SE,S_epidermidis,Term,260000,F,C,,HS_14_T05_SE_L03N20ReadsPerGene.out.tab
T_03_SA,S_aureus,Term,7170000,F,C,,HS_14_T05_SA_L03N20ReadsPerGene.out.tab
T_04_US,Unstimulated,Term,,F,C,,HS_14_T06_US_L03N20ReadsPerGene.out.tab
T_04_SE,S_epidermidis,Term,322000,F,C,,HS_14_T06_SE_L03N20ReadsPerGene.out.tab
T_04_SA,S_aureus,Term,9830000,F,C,,HS_14_T06_SA_L03N20ReadsPerGene.out.tab
T_05_US,Unstimulated,Term,,M,C,,HS_14_T07_US_L03N20ReadsPerGene.out.tab
T_05_SE,S_epidermidis,Term,1620000,M,C,,HS_14_T07_SE_L03N20ReadsPerGene.out.tab
T_05_SA,S_aureus,Term,11000000,M,C,,HS_14_T07_SA_L03N20ReadsPerGene.out.tab
T_06_US,Unstimulated,Term,,M,V,,HS_14_T08_US_L03N20ReadsPerGene.out.tab
T_06_SE,S_epidermidis,Term,1370000,M,V,,HS_14_T08_SE_L03N20ReadsPerGene.out.tab
T_06_SA,S_aureus,Term,5670000,M,V,,HS_14_T08_SA_L03N20ReadsPerGene.out.tab
T_07_US,Unstimulated,Term,,M,C,,HS_14_T09_US_L03N20ReadsPerGene.out.tab
T_07_SE,S_epidermidis,Term,517000,M,C,,HS_14_T09_SE_L03N20ReadsPerGene.out.tab
T_07_SA,S_aureus,Term,12000000,M,C,,HS_14_T09_SA_L03N20ReadsPerGene.out.tab
T_08_US,Unstimulated,Term,,M,C,,HS_14_T10_US_L03N20ReadsPerGene.out.tab
T_08_SE,S_epidermidis,Term,2480000,M,C,,HS_14_T10_SE_L03N20ReadsPerGene.out.tab
T_08_SA,S_aureus,Term,5850000,M,C,,HS_14_T10_SA_L03N20ReadsPerGene.out.tab