SampleName,Pathogen,Cohort,CFU_90min
A01_SA,S_aureus,Adult,1830000
A02_SA,S_aureus,Adult,1250000
A03_SA,S_aureus,Adult,5000000
A04_SA,S_aureus,Adult,1430000
A05_SA,S_aureus,Adult,20800000
A06_SA,S_aureus,Adult,900000
A07_SA,S_aureus,Adult,26500000
A08_SA,S_aureus,Adult,68300000
T01_SA,S_aureus,Term,3600000
T02_SA,S_aureus,Term,3600000
T03_SA,S_aureus,Term,7170000
T04_SA,S_aureus,Term,9830000
T05_SA,S_aureus,Term,11000000
T06_SA,S_aureus,Term,5670000
T07_SA,S_aureus,Term,12000000
T08_SA,S_aureus,Term,5850000
P01_SA,S_aureus,Preterm,29000000
P02_SA,S_aureus,Preterm,3520000
P03_SA,S_aureus,Preterm,4500000
P04_SA,S_aureus,Preterm,12000000
P05_SA,S_aureus,Preterm,4800000
P06_SA,S_aureus,Preterm,4440000
P07_SA,S_aureus,Preterm,15000000
P08_SA,S_aureus,Preterm,138000000