SampleName,Pathogen,Cohort,CFU_90min
A01_SE,S_epidermidis,Adult,78300
A02_SE,S_epidermidis,Adult,61700
A03_SE,S_epidermidis,Adult,268000
A04_SE,S_epidermidis,Adult,1650000
A05_SE,S_epidermidis,Adult,517000
A06_SE,S_epidermidis,Adult,50000
A07_SE,S_epidermidis,Adult,1880000
A08_SE,S_epidermidis,Adult,1730000
T01_SE,S_epidermidis,Term,197000
T02_SE,S_epidermidis,Term,245000
T03_SE,S_epidermidis,Term,260000
T04_SE,S_epidermidis,Term,322000
T05_SE,S_epidermidis,Term,1620000
T06_SE,S_epidermidis,Term,1370000
T07_SE,S_epidermidis,Term,517000
T08_SE,S_epidermidis,Term,2480000
P01_SE,S_epidermidis,Preterm,253000
P02_SE,S_epidermidis,Preterm,393000
P03_SE,S_epidermidis,Preterm,348000
P04_SE,S_epidermidis,Preterm,312000
P05_SE,S_epidermidis,Preterm,120000
P06_SE,S_epidermidis,Preterm,202000
P07_SE,S_epidermidis,Preterm,883000
P08_SE,S_epidermidis,Preterm,4150000